product_name,product_price,product_descript,product_sizes,product_colours
Adrienne Trek Jacket,57.00,"You’re ready for a cross-country jog or a coffee on the patio in the Adrienne Trek Jacket. Its style is unique with stand collar and drawstrings, and it fits like a jacket should.","XS, S, M, L, XL","Gray, Orange, Purple"
Ana Running Short,40.00,Time to lace up your kicks and beat that personal best in the Ana Running Short. It’s designed with breathable mesh side panels to help keep you cool while you master the miles.,"28, 29, 30, 31, 32","Black, Orange, White"
Aeon Capri,48.00,"Reach for the stars and beyond in these Aeon Capri pant. With a soft, comfortable feel and moisture wicking fabric, these duo-tone leggings are easy to wear — and wear attractively.","28, 29","Black, Blue, Orange"
,69.00,,,
Aether Gym Pant,74.00,"The Aether Gym Pant is built for the studio, but adapts perfectly well to outdoor and gym environs too. With lightweight stretch fabric and water-repellent exterior, the Aether is ready for all comers.","32, 33, 34, 36","Blue, Brown, Green"
Abominable Hoodie,69.00,"It took CoolTech™ weather apparel know-how and lots of wind-resistant fabric to get the Abominable Hoodie just right. It’s aggressively warm when it needs to be, while maintaining your comfort in milder climes.","XS, S, M, L, XL","Blue, Green, Red"
Affirm Water Bottle,7.00,"You’ll stay hydrated with ease with the Affirm Water Bottle by your side or in hand. Measurements on the outside help you keep track of how much you’re drinking, while the screw-top lid prevents spills. A metal carabiner clip allows you to attach it to the outside of a backpack or bag for easy access.","Yoga, Recreation, Sports, Gym",
Album,15.00,"Lorem ipsum dolor sit amet, consectetur adipiscing elit. Vestibulum sagittis orci ac odio dictum tincidunt. Donec ut metus leo. Class aptent taciti sociosqu ad litora torquent per conubia nostra, per inceptos himenaeos. Sed luctus, dui eu sagittis sodales, nulla nibh sagittis augue, vel porttitor diam enim non metus. Vestibulum aliquam augue neque. Phasellus tincidunt odio eget ullamcorper efficitur. Cras placerat ut turpis pellentesque vulputate. Nam sed consequat tortor. Curabitur finibus sapien dolor. Ut eleifend tellus nec erat pulvinar dignissim. Nam non arcu purus. Vivamus et massa massa.",,
,69.00,,,
Aero Daily Fitness Tee,24.00,Need an everyday action tee that helps keep you dry? The Aero Daily Fitness Tee is made of 100% polyester wicking knit that funnels moisture away from your skin. Don’t be fooled by its classic style; this tee hides premium performance technology beneath its unassuming look.,"XS, S, M, L, XL","Black, Brown, Yellow"
,69.00,,,
Argus All-Weather Tank,22.00,"The Argus All-Weather Tank is sure to become your favorite base layer or go-to cover for hot outdoor workouts. With its subtle reflective safely trim, you can even wear it jogging on urban evenings.","XS, S, M, L, XL",Gray
Ajax Full-Zip Sweatshirt,69.00,"The Ajax Full-Zip Sweatshirt makes the optimal layering or outer piece for archers, golfers, hikers and virtually any other sportsmen. Not only does it have top-notch moisture-wicking abilities, but the tight-weave fabric also prevents pilling from repeated wash-and-wear cycles.","XS, S, M, L, XL","Blue, Green, Red"
Aim Analog Watch,45.00,"Stay light-years ahead of the competition with our Aim Analog Watch. The flexible, rubberized strap is contoured to conform to the shape of your wrist for a comfortable all-day fit. The face features three illuminated hands, a digital read-out of the current time, and stopwatch functions.","Recreation, Sports, Outdoor, Gym",
Arcadio Gym Short,20.00,"The Arcadio Gym short is a basic-looking piece with a lot more than meets the eye: casual-yet-functional relaxed fit, comfortable waistband and adjustable drawstring. Everything you need, plus more.","32, 33, 34, 36","Black, Blue, Red"
Apollo Running Short,32.50,"Fleet of foot or slow and steady, you’ll be in complete comfort with the Apollo Running Short. Lightweight polyester material lets you move with ease, and mesh side panels promise plenty of ventilation as you work up a sweat. The stretchy elastic waistband delivers a flexible fit.","32, 33, 34, 36",Black
Ariel Roll Sleeve Sweatshirt,39.00,"Soft, sleek and subtle, the Ariel Roll Sleeve Sweatshirt is a nuanced fitness garment for all occasions. It works equally well as a workout piece or in a casual social setting.","XS, S, M, L, XL","Green, Purple, Red"
Angel Light Running Short,42.00,"The Angel Light Running Short offers comfort in an ultra-lightweight, breathable package. With fabric infused with all-natural Cocona® performance technology, it can whisk away sweat and block UV rays.","28, 29, 30, 31, 32","Gray, Orange, Purple"
Antonia Racer Tank,34.00,"You won’t know what you like best about the Antonia Racer Tank: soft, stretchy, lightweight fabric? Super-cute colorblocked details? Whatever it is, this piece is sure to quickly move to the top of your workout rotation.","XS, S, M, L, XL","Black, Purple, Yellow"
Beanie,20.00,"Pellentesque habitant morbi tristique senectus et netus et malesuada fames ac turpis egestas. Vestibulum tortor quam, feugiat vitae, ultricies eget, tempor sit amet, ante. Donec eu libero sit amet quam egestas semper. Aenean ultricies mi vitae est. Mauris placerat eleifend leo.",Red,Red
Atlas Fitness Tank,18.00,"From weekend warrior to Warrior Pose II, no role can beat the Atlas Fitness Tank, a versatile top for gym and yoga studio. Wicking-weave soft fabric helps prevent uncomfortable chafing.","XS, S, M, L, XL",Blue
Artemis Running Short,45.00,Discover smooth jogging and chic comfort each time you slip into the Artemis Running Short. A unique maritime-inspired design and oolor theme features a stretchy drawstring waist.,"28, 29, 30, 31, 32","Black, Green, Orange"
,69.00,,,
Atomic Endurance Running Tee (V-neck),28.00,Reach your limit and keep on going in the Atomic Endurance Running Tee. Built to help any athlete push past the wall with loads of performance features.,"XS, S, M, L, XL","Blue, Green, Yellow"
Augusta Pullover Jacket,57.00,"It’s hard to be uncomfortable in the Augusta Pullover Jacket with ¼ zip. With an incredibly soft fleece lining and textured outer fabric, it offers reliable protection from the elements and a cozy fit as well.","XS, S, M, L, XL","Blue, Orange, Red"
Autumn Pullie,57.00,"With ultra-soft fleece fabric and an athletic design, our short-sleeve Autumn Pullie delivers a comfortable fit that makes it an everyday essential. A luxurious roll neck protects you from elements.","XS, S, M, L, XL","Green, Purple, Red"
Atomic Endurance Running Tee (Crew-Neck),29.00,"Like it’s v-neck counterpart, the crew-neck Atomic Tee will get you to your goal and beyond with its many load-bearing features: ultra-lightweight, moisture-wicking Cocona® fabric, chafe-free flatlock seams and an ergonomic cut that moves with your body.","XS, S, M, L, XL","Black, Blue, Red"
Bardot Capri,48.00,Black is back — was it ever gone? — which means all your favorite tops will get along with the comfortable and versatile Bardot Capri.,"28, 29","Black, Green, Red"
Bella Tank,29.00,"Style, performance and comfort mix it up in the Bella Tank. With striking color block contrast, fitted form and a built-in bra, you’ll be supported and stylish at the same time.","XS, S, M, L, XL","Black, Blue, Orange"
Balboa Persistence Tee,29.00,"The Balboa Persistence Tee is a must-have for any athlete, Philadelphia or elsewhere. We took the best of performance apparel, cut the fluff and boiled it down to the basics for a lightweight, quick-drying t-shirt.","XS, S, M, L, XL","Gray, Green, Orange"
,69.00,,,
Bolo Sport Watch,49.00,"The Bolo Sport Watch is sleek, sporty and sized just right to fit your smaller wrist. Easy to read and set up, it features a large digital face and button-activated alarm and stopwatch. The soft-touch resin band promises no-pinch comfort, while the water-resistant design lets you take your workout to the lap pool.","Recreation, Sports",
Beaumont Summit Kit,42.00,"The smooth nylon shell around the Beaumont Summit Kit combats wind, reinforced with a cold-fighting brushed fleece layer. The jacket is reversible, giving you a new look for the return trek. Ample pocket space rounds out this hiker’s paradise package.","XS, S, M, L, XL","Orange, Red, Yellow"
Beanie with Logo,20.00,"Pellentesque habitant morbi tristique senectus et netus et malesuada fames ac turpis egestas. Vestibulum tortor quam, feugiat vitae, ultricies eget, tempor sit amet, ante. Donec eu libero sit amet quam egestas semper. Aenean ultricies mi vitae est. Mauris placerat eleifend leo.",Red,Red
Bess Yoga Short,28.00,"Designed for intense physical activity – think bikram – our Bess Yoga Short features moisture-wicking, four-way stretch fabric that lets you move in every which way. A vented gusset adds breathability and range of motion.","28, 29, 30, 31, 32","Blue, Purple, Yellow"
Belt,65.00,"Pellentesque habitant morbi tristique senectus et netus et malesuada fames ac turpis egestas. Vestibulum tortor quam, feugiat vitae, ultricies eget, tempor sit amet, ante. Donec eu libero sit amet quam egestas semper. Aenean ultricies mi vitae est. Mauris placerat eleifend leo.",,
Brand Buttons,9.99,"Divi, Divi Engine, WooCommerce, WordPress","Divi, Divi Engine, WooCommerce, WordPress",
,69.00,,,
,69.00,,,
Breathe-Easy Tank,34.00,"The Breathe Easy Tank is so soft, lightweight, and comfortable, you won’t even know it’s there — until its high-tech Cocona® fabric starts wicking sweat away from your body to help you stay dry and focused. Layer it over your favorite sports bra and get moving.","XS, S, M, L, XL","Purple, White, Yellow"
Caesar Warm-Up Pant,35.00,Command your workout and keep your muscles limber in the Caesar Warm-Up Pant. Engineered CoolTech™ fabric wicks away moisture so you don’t have to worry about sweat and discomfort. The drawstring-adjustable waist helps make sure your pants fit properly.,"32, 33, 34, 36","Black, Gray, Purple"
Cap,18.00,"Pellentesque habitant morbi tristique senectus et netus et malesuada fames ac turpis egestas. Vestibulum tortor quam, feugiat vitae, ultricies eget, tempor sit amet, ante. Donec eu libero sit amet quam egestas semper. Aenean ultricies mi vitae est. Mauris placerat eleifend leo.",Yellow,Yellow
Bruno Compete Hoodie,63.00,"Stay comfortable and stay in the race no matter what the weather’s up to. The Bruno Compete Hoodie’s water-repellent exterior shields you from the elements, while advanced fabric technology inside wicks moisture to keep you dry.","XS, S, M, L, XL","Black, Blue, Green"
Carina Basic Capri,51.00,"Perfect as workout pants or “accessory,” the Carina Basic Capri is comfy as it is practical — try it under skirts or shorts.","28, 29","Black, Blue, Purple"
,69.00,,,
Cassia Funnel Sweatshirt,48.00,The casual Cassia Funnel Sweatshirt sports front angled pockets and a drawstring stretch funnel hoodie. A cowl front neck pairs with a tagless label at back neck.,"XS, S, M, L, XL","Orange, Purple, White"
Celeste Sports Bra,39.00,"Whatever your goals for the day’s workout, the Celeste Sports Bra lets you do it in comfort and coolness, plus enhanced support and shaping. A power mesh back zone and moisture-wicking fabric ensure you stay dry.","XS, S, M, L, XL","Green, Red, Yellow"
Cassius Sparring Tank,18.00,"Whether you’re up against a partner or the clock, the Cassius Sparring Tank is in your corner, moving effortless with your body. The light and loose feel gives you no reason to give up before the bell or the end of the block.","XS, S, M, L, XL",Blue
Cora Parachute Pant,75.00,"Good for running, hiking, lounging or stretching, the Cora Parachute Pant presents comfortable styling designed to help you look and feel great.","28, 29","Black, Blue, White"
Circe Hooded Ice Fleece,68.00,"Keep shivers at bay with the Circe Hooded Ice Fleece. Ultra-thick, high-pile fleece traps your body heat and keeps cold outside. The drawstring hood and ribbed details add extra coziness and touches of classic style. Its relaxed fit is loose enough to layer comfortably over your shirt.","XS, S, M, L, XL","Gray, Green, Purple"
Chloe Compete Tank,39.00,"You’ve earned your figure, so stay cool and let it do all the talking in the form-fitted, sleek racerback Chloe Compete Tank. Designed for total range of motion and performance, the Nona is made with highly breathable mesh fabric.","XS, S, M, L, XL","Blue, Red, Yellow"
,69.00,,,
Chaz Kangeroo Hoodie,52.00,"Ideal for cold-weather training or work outdoors, the Chaz Hoodie promises superior warmth with every wear. Thick material blocks out the wind as ribbed cuffs and bottom band seal in body heat.","XS, S, M, L, XL","Black, Gray, Orange"
Cronus Yoga Pant,48.00,"Guys who love yoga love this all-purpose yoga pant. Designed for yoga, gym and lounge, the Cronus Yoga Pant is a loose-fitting, classic-style pant made from a lightweight blend of cotton, recycled polyester and a touch of Spandex for the stretch factor.","32, 33, 34, 36","Black, Blue, Red"
Compete Track Tote,32.00,"The Compete Track Tote holds a host of exercise supplies with ease. Stash your towel, jacket and street shoes inside. Tuck water bottles in easy-access external spaces. Perfect for trips to gym or yoga studio, with dual top handles for convenience to and from.","Gym, School, Yoga",
Clamber Watch,54.00,"Keep track of time on the treadmill or trail with our Clamber Watch. The flexible, rubberized strap is contoured to conform to your wrist for a comfortable fit all day. The face features an illuminated digital read-out of the current time and stopwatch functions.","Recreation, Athletic, Outdoor, Gym",
,69.00,,,
Cobalt CoolTech™ Fitness Short,44.00,"It’s not rocket surgery: the hotter your conditions, the more you need to stay cool. That’s why the Cobalt CoolTech™ Fitness Short features built-in technology and side perforations that keep you ventilated and comfortable for the distance. The elastic waist promises a personalized fit.","32, 33, 34, 36","Black, Blue, Red"
Crown Summit Backpack,38.00,"The Crown Summit Backpack is equally at home in a gym locker, study cube or a pup tent, so be sure yours is packed with books, a bag lunch, water bottles, yoga block, laptop, or whatever else you want in hand. Rugged enough for day hikes and camping trips, it has two large zippered compartments and padded, adjustable shoulder straps.","Gym, Hiking, Overnight, School, Trail, Travel, Urban",
Cruise Dual Analog Watch,55.00,"Whether you’re traveling or wish you were, you’ll never let time zones perplex you again with the Cruise Dual Analog Watch. The thick, adjustable band promises a comfortable, personalized fit to this classy, modern time piece.",Recreation,
,69.00,,,
Daphne Full-Zip Hoodie,59.00,"The Daphne Hoodie is an attractive yet rugged layering or outer piece, especially for chilly days en route the studio, doing yardwork or enjoying outdoor recreation.","XS, S, M, L, XL",Purple
,69.00,,,
Dat Divi Engine Life Crop-top (3-Tone),12.99,Divi Engine,Divi Engine,
Dash Digital Watch,92.00,"The Dash Digital Watch will challenge you to push harder and longer. Log workouts by date, average, and segment times, and recharge by setting hydration and nutrition alarms. This watch is styled with a sleek, square face and durable rubber strap for a long life.","Athletic, Sports, Outdoor, Gym",
,69.00,,,
Deirdre Relaxed-Fit Capri,63.00,"Invigorate your yoga practice with this Deirdre Relaxed-Fit Capri, designed to let you move without strain or restriction.","28, 29","Blue, Gray, Green"
Daria Bikram Pant,51.00,The Daria Bikram Pant is designed to stretch and move with your body to make extreme yoga extremely comfortable.,"28, 29","Black, Gray, White"
Dat Divi Engine Life Hoodie – Limited Edition,44.99,Divi Engine,Divi Engine,
Diana Tights,59.00,Perfect for hot bikram session or cool-down stretching. 8-percent stretch means you’ll feel like anything is possible in the capri-style Diana Tights.,"28, 29","Black, Blue, Orange"
Deion Long-Sleeve EverCool™ Tee,39.00,"When you’re training, ordinary tees don’t cut it. That’s why the Dion Long-Sleeve EverCool™ Tee features revolutionary Cocona® fabric derived from a renewable resource: coconut shells. This unique material protects you from harmful UV rays, wicks away sweat, controls stink and dries quickly.","XS, S, M, L, XL","Black, Green, White"
Divi Engine String Bag (Small Logos),19.99,Divi Engine,Divi Engine,
,69.00,,,
Divi Engine String Bag (Big Logo),19.99,Divi Engine,Divi Engine,
,69.00,,,
Divi Engine Logo Zipper Hoodie,29.99,Divi Engine,Divi Engine,
,69.00,,,
Diva Gym Tee,32.00,"The Diva Gym Tee feels like your favorite right out of the mailbox. Micro-sleeved, lightweight and extra comfortable, it’s a casual staple that hides incredible comfort behind a laid-back, carefree look.","XS, S, M, L, XL","Green, Orange, Yellow"
Didi Sport Watch,92.00,"The Didi Sport Watch helps you keep your workout plan down to the second. The vertical, digital face looks sleek and futuristic. This watch is programmed with tons of helpful features such as a timer, an alarm clock, a pedometer, and more to help make your excercise more productive.","Athletic, Gym",
Divi Ninja Tee,12.99,Divi,Divi,
Desiree Fitness Tee,24.00,"When you’re too far to turn back, thank yourself for choosing the Desiree Fitness Tee. Its ultra-lightweight, ultra-breathable fabric wicks sweat away from your body and helps keeps you cool for the distance.","XS, S, M, L, XL","Black, Orange, Yellow"
Divi Engine Tee,14.99,Divi Engine,Divi Engine,"Blue, White, Yellow"
Divi Tee,14.99,Divi,Divi,
Divi Simplified Crop-top,12.99,"Divi, Divi Engine","Divi, Divi Engine","Blue, White, Yellow"
Echo Fit Compression Short,24.00,"Your muscles know it’s go time the second you pull on the Echo Fit Compression Short. A balance of firm, stimulating squeeze with breathability, it offers the support and comfort you need to give it your all.","28, 29, 30, 31, 32","Black, Blue, Purple"
,69.00,,,
Dual Handle Cardio Ball,12.00,"Make the most of your limited workout window with our Dual-Handle Cardio Ball. The 15-lb ball maximizes the effort-impact to your abdominal, upper arm and lower-body muscles. It features a handle on each side for a firm, secure grip.","Athletic, Sports, Gym",
Erika Running Short,45.00,"A great short with a body-hugging design, the Erika Running Short is perfect for runners who prefer a fitted short rather than the traditional baggy variety.",,
Erikssen CoolTech™ Fitness Tank,29.00,"A good running tank helps make the miles pass by keep you cool. The Erikssen CoolTech™ Fitness Tank completes that mission, with performance fabric engineered to wick perspiration and promote airflow.","XS, S, M, L, XL","Gray, Orange, Red"
Endurance Watch,49.00,"It’s easy to track and monitor your training progress with the Endurance Watch. You’ll see standard info like time, date and day of the week, but it also functions for the serious high-mileage athete: lap counter, stopwatch, distance, heart rate, speed/pace, cadence and altitude.","Recreation, Athletic",
,69.00,,,
Eos V-Neck Hoodie,54.00,Getting chilly before class starts? Wear the Eos on your way to and from yoga for a cute and cozy warmup piece. Reach for its reliable comfort and enjoy a super-soft blend of fabrics finished in sporty style that includes a hidden kangaroo pocket.,"XS, S, M, L, XL","Blue, Green, Orange"
,69.00,,,
Erica Evercool Sports Bra,39.00,"Perfect for medium-impact workouts, our Erica EverCool™ Sports Bra brings a brilliant combo of comfort and style. Moisture-wicking technology keeps you dry, and the flattering hybrid racerback promises an unbeatable range of motion.","XS, S, M, L, XL","Blue, Orange, Yellow"
Endeavor Daytrip Backpack,33.00,"With more room than it appears, the Endeavor Daytrip Backpack will hold a whole day’s worth of books, binders and gym clothes. The spacious main compartment includes a dedicated laptop sleeve. Two other compartments offer extra storage space.","Gym, Hiking, School, Urban",
Emma Leggings,42.00,These comfortable and practical leggings pair perfectly with any workout top or casual tee. The Emma’s subtle contrast fabric and fit ensure you’re stylish without overdoing it.,"28, 29","Blue, Purple, Red"
Elisa EverCool™ Tee,29.00,"When rising temps threaten to melt you down, Elisa EverCool™ Tee brings serious relief. Moisture-wicking fabric pulls sweat away from your skin, while the innovative seams hug your muscles to enhance your range of motion.","XS, S, M, L, XL","Gray, Purple, Red"
Driven Backpack,36.00,"School books, camp gear and yoga clothes get along just fine in the all-purpose Driven Backpack. Crafted with tough polyester ripstop fabric, it’s outfitted with rubberized end panels and padded, adjustable shoulder straps. The roomy main compartment features molded foam pockets that host everything you need.","Gym, School, Yoga",
,69.00,,,
Electra Bra Top,39.00,"A heavenly soft and stylish eco garment, the Electra Bra Top is perfect for wearing on its own as a hot yoga top or layered under a tank.","XS, S, M, L, XL","Black, Gray, Purple"
Fusion Backpack,59.00,"With the Fusion Backpack strapped on, every trek is an adventure – even a bus ride to work. That’s partly because two large zippered compartments store everything you need, while a front zippered pocket and side mesh pouches are perfect for stashing those little extras, in case you change your mind and take the day off.","Hiking, School, Yoga",
Fiona Fitness Short,29.00,"Don’t let the plain style fool you: the Fiona Fitness Short demands notice on several levels. Comfort, of course. But also a performance-grade wicking fabric that takes everything you can give.","28, 29, 30, 31, 32","Black, Green, Red"
,69.00,,,
Frankie Sweatshirt,60.00,The Frankie Sweatshirt is your best friend at long afternoon stadium stints or winter trailside campsites. The soft fleece fabric keeps you toasty as moisture-wicking technology kicks in when the sun comes out.,"XS, S, M, L, XL","Green, White, Yellow"
Helena Hooded Fleece,55.00,"Wear this hoodie after the gym or before a chilly weather bike ride. Either way, this versatile sweatshirt offers an effortlessly appealing silhouette and a super-comfy fit. Smooth, stretchy fabric creates flattering shape, while the full-zip placket and hood help block gusty winds.","XS, S, M, L, XL","Blue, Gray, Yellow"
Harmony Lumaflex™ Strength Band Kit,22.00,Forget fancy machines and costly memberships – the Harmony Lumaflex™ Stength Band Kit is all you need for an amazing workout. The kit has everything you need for a range of strengthening and toning exercises.,Gym,
,69.00,,,
Hawkeye Yoga Short,29.00,"What more do you need than a sporty yoga short made with organic cotton and a little spandex for mobility? The Hawkeye Yoga Short brings a stylish, standard fit you can sport with confidence outside the studio.","32, 33, 34, 36","Black, Blue, Gray"
,69.00,,,
Happy Ninja,35.00,"Pellentesque habitant morbi tristique senectus et netus et malesuada fames ac turpis egestas. Vestibulum tortor quam, feugiat vitae, ultricies eget, tempor sit amet, ante. Donec eu libero sit amet quam egestas semper. Aenean ultricies mi vitae est. Mauris placerat eleifend leo.",,
,69.00,,,
Happy Ninja,18.00,"Pellentesque habitant morbi tristique senectus et netus et malesuada fames ac turpis egestas. Vestibulum tortor quam, feugiat vitae, ultricies eget, tempor sit amet, ante. Donec eu libero sit amet quam egestas semper. Aenean ultricies mi vitae est. Mauris placerat eleifend leo.",,
Gwen Drawstring Bike Short,50.00,"For a completely modern style with moisture-wicking CoolTech™ technology, try the Gwen Drawstring Bike Short. Subtle grays and eye catching stitching combine with an adjustable waist for the perfect look and fit.","28, 29, 30, 31, 32","Blue, Gray, Orange"
Gwyn Endurance Tee,24.00,"When the miles add up, comfort is crucial. The short-sleeve Gwyn Endurance Tee is designed with an ultra-lightweight blend of breathable fabrics to help you tackle your training. Female-specific seams and a sporty v-neckline offer subtle style.","XS, S, M, L, XL","Black, Green, Yellow"
Grayson Crewneck Sweatshirt,64.00,"The Grayson Crewneck Sweatshirt gives you that ageless, classic look – a style that comes back around nearly every season. What’s more, its performance and temp-control values are always in vogue.","XS, S, M, L, XL","Orange, Red, White"
Gobi HeatTec® Tee,29.00,"When the training gets intense, the Gobi HeatTec® Tee works as hard as you do to maintain your cool. The moisture-wicking material promises drier comfort, while breathable side panels deliver extra stretch that’s sure to keep you moving.","XS, S, M, L, XL","Black, Orange, Red"
Go-Get’r Pushup Grips,19.00,"The Go-Get’r Pushup Grips safely provide the extra range of motion you need for a deep-dip routine targeting core, shoulder, chest and arm strength. Do fewer pushups using more energy, getting better results faster than the standard floor-level technique yield.","Athletic, Gym",
,69.00,,,
Geo Insulated Jogging Pant,51.00,"In the cold, even the toughest guys shiver, unless they’re in the Geo Insulated Jogging Pant. Lightweight and wind resistant, they block brutal wind gusts and warm you to the bone. Breathable mesh keeps them dry on the inside.","32, 33, 34, 36","Blue, Green, Red"
Gabrielle Micro Sleeve Top,28.00,"Luma’s most popular top, the Gabrielle Micro Sleeve is back with even more comfort and style.","XS, S, M, L, XL","Blue, Green, Red"
Jade Yoga Jacket,32.00,"If only all your other jackets were as comfortable as the relaxed-fit Jade Yoga Jacket, perfect for use during stretching, biking to and from studio or strolling on breezy fall days.","XS, S, M, L, XL","Blue, Gray, Green"
Ina Compression Short,49.00,"One of Luma’s most popular items, the Ina Compression Short has you covered with exceptional support and comfort, whether you’re running the trail, riding a bike or ripping out reps. The ventilating fabric offers cool relief and prevents irritating chafing.","28, 29, 30, 31, 32","Blue, Orange, Red, Green, Purple"
Ingrid Running Jacket,84.00,"The Ingrid Running Jacket combines sleek design and high performance with slim, contoured fit and moisture-wicking fabric. It features a full-zip construction and a collared neck to keep the elements out and body heat in. ","XS, S, M, L, XL","Orange, Red, White"
Iris Workout Top,29.00,"The Iris Workout Top is sleeveless, body fitting and moisture wicking for a fashionable, functional garment. Rouched textures add style.","XS, S, M, L, XL","Blue, Green, Red"
Inez Full Zip Jacket,59.00,"The Inez Full Zip jacket is more than a cute layer. It’s a full-on tech wonder you’ll use for outdoor, pre and post workout. You’ll love how the highlighted zipper and sleeve safety trim protect and catch looks.","XS, S, M, L, XL","Orange, Purple, Red"
,69.00,,,
Impulse Duffle,74.00,"Good for beach trips, track meets, yoga retreats and more, the Impulse Duffle is the companion you’ll want at your side. A large U-shaped opening makes packing a hassle-free affair, while a zippered interior pocket keeps jewelry and other small valuables safely tucked out of sight.","Gym, Overnight, Travel",
,69.00,,,
Ida Workout Parachute Pant,48.00,"The Ida Workout Parachute Pant is made of lightweight, super-soft fabric that keeps you comfortable during any level of activity, whether Downward Dog or a few trail miles.","Black, Blue, Purple","Black, Blue, Purple"
Hoodie with Zipper,45.00,"Pellentesque habitant morbi tristique senectus et netus et malesuada fames ac turpis egestas. Vestibulum tortor quam, feugiat vitae, ultricies eget, tempor sit amet, ante. Donec eu libero sit amet quam egestas semper. Aenean ultricies mi vitae est. Mauris placerat eleifend leo.",,
Hoodie with Logo,45.00,"Pellentesque habitant morbi tristique senectus et netus et malesuada fames ac turpis egestas. Vestibulum tortor quam, feugiat vitae, ultricies eget, tempor sit amet, ante. Donec eu libero sit amet quam egestas semper. Aenean ultricies mi vitae est. Mauris placerat eleifend leo.",Blue,Blue
Hyperion Elements Jacket,51.00,"Boldly face high winds, frigid temps and stormy weather the whole winter through in the Hyperion Elements Jacket. LumaTech™ insulating technology helps maintain your core temperature and wick sweat. The smooth shell is water repellent and quilted to retain body heat.","XS, S, M, L, XL","Green, Orange, Red"
,69.00,,,
Hoodie,42.00,"Pellentesque habitant morbi tristique senectus et netus et malesuada fames ac turpis egestas. Vestibulum tortor quam, feugiat vitae, ultricies eget, tempor sit amet, ante. Donec eu libero sit amet quam egestas semper. Aenean ultricies mi vitae est. Mauris placerat eleifend leo.","Blue, Green, Red","Blue, Green, Red"
Hollister Backyard Sweatshirt,52.00,"Kick off your weekend in the Hollister Backyard Sweatshirt. Whether you’re raking leaves or flipping burgers, this comfy layer blocks the bite of the crisp autumn air. Puffy thick from hood to hem, it traps heat against your core.","XS, S, M, L, XL","Green, Red, White"
Hero Hoodie,54.00,"Gray and black color blocking sets you apart as the Hero Hoodie keeps you warm on the bus, campus or cold mean streets. Slanted outsize front pockets keep your style real . . . convenient.","XS, S, M, L, XL","Black, Gray, Green"
Logo Collection,18.00,"Pellentesque habitant morbi tristique senectus et netus et malesuada fames ac turpis egestas. Vestibulum tortor quam, feugiat vitae, ultricies eget, tempor sit amet, ante. Donec eu libero sit amet quam egestas semper. Aenean ultricies mi vitae est. Mauris placerat eleifend leo.",,
Leah Yoga Top,39.00,"The Leah Yoga Top offers a practical, comfortable upper that will not compromise your style. Body hugging fit and interior shelf bra make it suitable for active or leisure pursuits.","XS, S, M, L, XL","Orange, Purple, White"
Logan HeatTec® Tee,24.00,"Soft and lightweight, the Logan HeatTec® Tee gets you through the long haul in total comfort. It boasts superior sweat-wicking performance to keep skin dry and cool, and strategic flat-lock seams to resist chafing.","XS, S, M, L, XL","Black, Blue, Red"
Livingston All-Purpose Tight,75.00,"It’s not often that your pants work as a yoga staple and a climbing buddy. The Livingston All-Purpose Tight is made with soft, 11% cotton and nylon polymer stretch construction that lets you find the right angle in the studio or on the mountain side.","32, 33, 34, 36","Black, Blue, Red"
Layla Tee,29.00,"Work out or hang out in chic style in the Layla Tee. With a lightweight sheer design and a roomy neckline, this tee fits you comfortably while looking stylish.","XS, S, M, L, XL","Blue, Green, Red"
,69.00,,,
Lanyard,9.99,Divi Engine,Divi Engine,
Lando Gym Jacket,99.00,"The Lando Gym Jacket offers strategic ventilation at perspiration-prone areas, while moisture-wicking technology helps you stay dry. Side-seam pockets house your favorite media device, so you’re plugged in when working out.","XS, S, M, L, XL","Blue, Gray, Green"
Karmen Yoga Pant,39.00,"Good for running, hiking, lounging or stretching, the Cora Parachute Pant presents comfortable styling designed to help you look and feel great.","28, 29","Black, Gray, White"
Kratos Gym Pant,57.00,"Like it’s namesake god of strength, the Kratos Gym Pant help you bring your best to bear on weight-based, plyometric and endurance exercise. They stretch and support in all the right places while ultra-light construction and moisture-wicking technology provide comfort.","32, 33, 34, 36","Black, Blue, Green"
Kenobi Trail Jacket,47.00,"Aside from sealed seams to keep moisture out and body heat in, the Kenobi Trail Vest is all about media convenience. Use your phone and music player without ever taking it out of its cozy compartment: an attached remote on the left chest lets you change songs, pause and raise/lower volume.","XS, S, M, L, XL","Black, Blue, Purple"
Jupiter All-Weather Trainer,56.99,"Inclement climate be damned. With your breathable, water-resistant Jupiter All-Weather Trainer, you can focus on fuel and form and leave protection and comfort to us. The fabric is a special light fleece that wicks moisture and insulates at once.","XS, S, M, L, XL","Blue, Green, Purple"
Karissa V-Neck Tee,32.00,The Karissa V-Neck Tee features a semi-fitted shape that’s flattering for every figure. You can hit the gym with confidence while it hugs curves and hides common “problem” areas.,"XS, S, M, L, XL","Green, Red, Yellow"
Juno Jacket,77.00,"On colder-than-comfortable mornings, you’ll love warming up in the Juno All-Ways Performanc Jacket, designed to compete with wind and chill. Built-in Cocona® technology aids evaporation, while a special zip placket and stand-up collar keep your neck protected.","XS, S, M, L, XL","Blue, Green, Purple"
Juliana Short-Sleeve Tee,42.00,"The Juliana Short-Sleeve Tee gives you more than sporty style. Consider that its soft Cocona® polyester fabric accelerates evaporation to help keep you dry and comfortable, too. And a selection of colors lets you get more than one.","XS, S, M, L, XL","Black, White, Yellow"
Mithra Warmup Pant,28.00,"When you’re not sure you’re up to the weather, don the Mithra Warmup Pant for a confidence boost. Its supersoft, stretchy fabric and fleece-like finish help prep your muscles and ease your mind. Designed for relaxed, easy-wear fit with handy ankle zips.","32, 33, 34, 36","Gray, Green, Orange"
Minerva LumaTech™ V-Tee,32.00,Don’t be fooled by the simple design of our Minerva LumaTech™ V-Neck Tee. This classic training top features the same serious sweat-wicking technology as some of the more expensive tees in our lineup.,"XS, S, M, L, XL","Black, Blue, Red"
Mimi All-Purpose Short,44.00,"You can run, bike or swim in the do-anything, water-resistance Mimi Short. No need to worry about rubbing-induced soreness either, with flatlock seams and soft, chafe-resistant material.","28, 29, 30, 31, 32","Gray, Green, White"
Meteor Workout Short,32.50,"Step into the Meteor Workout Short for an incredibly lightweight fitness experience. Its breathable construction and an inner brief provide additional comfort and support, while the adjustable waistband offers the perfect fit to take you to the finish.","32, 33, 34, 36","Black, Blue, Green"
Miko Pullover Hoodie,69.00,"After quality gym time, put on the Miko Pullover Hoody and keep your body warm. You’ll find it’s fashionable enough for the streets, but comfy enough to relax in at home.","XS, S, M, L, XL","Blue, Orange, Purple"
Mens WordPress Hoodie,34.99,WordPress,WordPress,
Mens Divi Hoodie,34.99,Divi,Divi,
Maya Tunic,29.00,"With abutted seams and moisture wicking capacity, the Maya Tunic lets you work out in complete comfort.","XS, S, M, L, XL","Green, White, Yellow"
Maxima Drawstring Short,28.00,"Even laid-back women like to stay stylish, and that’s just what the Maxima Drawstring Short delivers. An elastic waist keeps the fit flexible, on the deck at home or on a trail walk. Sporty tennis flair adds an athletic accent.","28, 29, 30, 31, 32","Gray, Orange, Yellow"
Mars HeatTech™ Pullover,66.00,"The Mars HeatTech™ Jacket defense against winter climes so you can play offense in the park, on the trail or in the deck chair. Great for the ski lodge or stadium, it features a wind- and water-resistant outer shell with a draw-cord hood and deep pockets for storage.","XS, S, M, L, XL","Black, Orange, Red"
Marco Lightweight Active Hoodie,74.00,"For cold-weather training or post-game layering, you need something more than a basic fleece. Our Marco Lightweight Active Hoodie brings both style and performance to the plate, court, or touchline. The smooth-faced, brushed-back fabric blocks wind and traps body heat, while integrated Cocona® fibers pull moisture away.","XS, S, M, L, XL","Blue, Green, Lavender"
Luma Analog Watch,43.00,"Designed to stand up to your active lifestyle, this women’s Luma Analog Watch features a tasteful brushed chrome finish and a stainless steel, water-resistant construction for lasting durability.",Recreation,
,69.00,,,
Mach Street Sweatshirt,62.00,"From hard streets to asphalt track, the Mach Street Sweatshirt holds up to wear and wind and rain. An infusion of performance and stylish comfort, with moisture-wicking LumaTech™ fabric, it’s bound to become an everyday part of your active lifestyle","XS, S, M, L, XL","Black, Blue, Red"
Lucia Cross-Fit Bra,39.00,"Being cool is a big part of being comfy, which is why the Lucia Cross-Fit Bra features moisture-wicking technology as well as soft, lightweight fabric.","XS, S, M, L, XL","Black, Orange, Purple"
,69.00,,,
Lono Yoga Short,32.00,"Some shorts are “all-purpose,” while the Lono Yoga Short has a single purpose: yoga. Soft, flexible outer material moves with your body, and a secure, integrated boxer brief liner gives you extra confidence as you push your physique to the outer limits.","32, 33, 34, 36","Blue, Gray, Red"
Long Sleeve Tee,25.00,"Pellentesque habitant morbi tristique senectus et netus et malesuada fames ac turpis egestas. Vestibulum tortor quam, feugiat vitae, ultricies eget, tempor sit amet, ante. Donec eu libero sit amet quam egestas semper. Aenean ultricies mi vitae est. Mauris placerat eleifend leo.",Green,Green
,69.00,,,
Nadia Elements Shell,69.00,"Protect yourself from wind and rain in the stylish Nadia Elements Shell. It repels water using hydro-resistant fabric, with fleece lining that adds a touch of warmth. It’s finished with bold contrast zippers, adjustable cuffs and a hood.","XS, S, M, L, XL","Black, Orange, Yellow"
Phoebe Zipper Sweatshirt,59.00,A sophisticated layer of warmth awaits you in our full-zip sweatshirt jacket. You’ll reach for this one in any season to enjoy its sturdy exterior and plush interior.,"XS, S, M, L, XL","Gray, Purple, White"
Patient Ninja,35.00,"Pellentesque habitant morbi tristique senectus et netus et malesuada fames ac turpis egestas. Vestibulum tortor quam, feugiat vitae, ultricies eget, tempor sit amet, ante. Donec eu libero sit amet quam egestas semper. Aenean ultricies mi vitae est. Mauris placerat eleifend leo.",,
Overnight Duffle,45.00,"For long weekends away, camping outings and business trips, the Overnight Duffle can’t be beat. The dual handles make it a cinch to carry, while the durable waterproof exterior helps you worry less about the weather. With multiple organizational pockets inside and out, it’s the perfect travel companion.","Overnight, Travel",
,69.00,,,
Oslo Trek Hoodie,42.00,"Chilly weather is just an excuse to throw on your toasty, handsome new Oslo Trek Hoodie. It features an adjustable drawstring hood and a kangaroo pocket for extra hand warmth. The ultra-soft, cozy lining will have you wishing for more brisk days.","XS, S, M, L, XL","Brown, Purple, Red"
Orion Two-Tone Fitted Jacket,72.00,"While you’re getting fit, you need a fitted jacket to match. Striking color blocking patterns on hood, shoulders and arms are hallmarks of the Orion Two-Tone Fitted Jacket. They provide eye-catching contrast against the rich, torso tones of this 100% polyester, moisture-wicking essential.","XS, S, M, L, XL","Black, Red, Yellow"
Orestes Fitness Short,35.00,"You’re out of excuses not to run, lift, or play when you own a pair of the Orestes Fitness Short. You won’t complain about the high-performance polyester wicking fabric, reflective safety trim or seamless built-in comfort brief, either.","32, 33, 34, 36","Black, Blue, Green"
Orestes Yoga Pant,66.00,The Orestes Yoga Pant is a yoga basic that sustains the novice yogi well into the expert stage. Organic sustainable cotton and 9% stretch spandex let your body bend to your will while your conscience stays clear.,"32, 33, 34, 36","Black, Blue, Green"
Olivia 1/4 Zip Light Jacket,77.00,"Running errands or headed to the gym, you just want to be comfortable. The Olivia Light Jacket promises that, plus a laid-back look. This zip-up is designed with shoulder stripes for an athletic touch, and banded waist and contoured seams for a flattering silhouette.","XS, S, M, L, XL","Black, Blue, Purple"
Nora Practice Tank,39.00,"A closet go-to, the Nora Practice Tank can be worn at or after workouts or beneath a baggy tee for a laid-back style. Perfect fit and very comfortable!","XS, S, M, L, XL","Orange, Purple, Red"
Ninja Silhouette,30.00,"Pellentesque habitant morbi tristique senectus et netus et malesuada fames ac turpis egestas. Vestibulum tortor quam, feugiat vitae, ultricies eget, tempor sit amet, ante. Donec eu libero sit amet quam egestas semper. Aenean ultricies mi vitae est. Mauris placerat eleifend leo.",,
Nona Fitness Tank,39.00,"It doesn’t matter if your goal is 5 miles or an hour of Vinyasa, because our Nona Fitness Tank does it all. You don’t have to sacrifice either — this v-neck top features smooth, chafe-free seams and a breathable mesh back insert. Cute, too.","XS, S, M, L, XL","Blue, Purple, Red"
,69.00,,,
Ninja Silhouette,20.00,"Pellentesque habitant morbi tristique senectus et netus et malesuada fames ac turpis egestas. Vestibulum tortor quam, feugiat vitae, ultricies eget, tempor sit amet, ante. Donec eu libero sit amet quam egestas semper. Aenean ultricies mi vitae est. Mauris placerat eleifend leo.",,
,69.00,,,
,69.00,,,
Rival Field Messenger,45.00,"The Rival Field Messenger packs all your campus, studio or trail essentials inside a unique design of soft, textured leather – with loads of character to spare. Two exterior pockets keep all your smaller items handy, and the roomy interior offers even more space.","Travel, Urban",
Riona Full Zip Jacket,60.00,"The Riona Basic Zip Jacket makes the perfect extra layer for cold-weather workouts. It features amazing breathability and moisture management, but full-length zipper lets you moderate your core temperature even more.","XS, S, M, L, XL","Brown, Green, Red"
Rapha Sports Short,35.00,"For those about to sweat, we support you with the Rapha Sports Short. The compression-fit liner surrounds your muscles with the stimulation they need to find your high gear, while moisture-wicking performance fabric helps prevents sweat build-up.","32, 33, 34, 36","Black, Blue, Purple"
Quest Lumaflex™ Band,19.00,"From leg extensions and standing squats to a full range of floor routines, the Quest Strength Band brings your own personal gym with you everywhere you go. Designed to add extra resistance to any training session, this strength band helps you tone and define your muscles. You’ll love the extra comfort of its grippy handles and adjustable design.",Gym,
,69.00,,,
Pursuit Lumaflex™ Tone Band,16.00,"Save your knees and joints while strengthening arms, legs and core with the Pursuit Lumaflex™ Tone Band. This ultra-durable training tool lets you complete a full-body workout free of bulky machines or free weights.",Gym,
Push It Messenger Bag,45.00,"The name says so, but the Push It Messenger Bag is much more than a busy commuter’s tote. It’s a closet away from home when you’re pedaling from class or work to gym and back or home again. It’s the perfect size and shape for laptop, folded clothes, even extra shoes.","School, Urban, Yoga",
Radiant Tee,22.00,"So light and comfy, you’ll love the Radiant Tee’s organic fabric, feel, performance and style. You may never want to stop moving in this shirt.","XS, S, M, L, XL","Blue, Orange, Purple"
,69.00,,,
Purple Divi Engine Text Zipper Hoodie,29.99,Divi Engine,Divi Engine,
Proteus Fitness Jackshirt,45.00,"Part jacket, part shirt, the Proteus Fitness Jackshirt makes an ideal companion for outdoor training, camping or loafing on crisp days. Natural Cocona® technology brings breathable comfort and increased dryness along with UV protection and odor management. The drop-tail hem provides extra coverage when you’re riding a bike or replacing a sink valve.","XS, S, M, L, XL","Black, Blue, Orange"
Primo Endurance Tank,29.00,"Chances are your workout goes beyond free weights, which is why the Primo Endurance Tank employs maximum versatility. Run, lift or play ball – this breathable mesh top will keep you cool during all your activities.","XS, S, M, L, XL","Blue, Red, Yellow"
,69.00,,,
,69.00,,,
Prima Compete Bra Top,24.00,"Pull on the Prima Compete Bra Top and you’ll love the fabric: soft, stretchy, and ultra lightweight. But you’ll also love the racerback cut, for freer movement through all your athletic feats. ","XS, S, M, L, XL","Blue, Purple, Yellow"
,69.00,,,
Sprite Stasis Ball 55 cm,23.00,"The Sprite Stasis Ball gives you the toned abs, sides, and back you want by amping up your core workout. With bright colors and a burst-resistant design, it’s a must-have for every hard-core exercise addict. Use for abdominal conditioning, balance training, yoga, or even physical therapy.","Yoga, Gym",Gray
Sprite Foam Yoga Brick,5.00,"Our top-selling yoga prop, the 4-inch, high-quality Sprite Foam Yoga Brick is popular among yoga novices and studio professionals alike. An essential yoga accessory, the yoga brick is a critical tool for finding balance and alignment in many common yoga poses. Choose from 5 color options.","Yoga, Recreation, Sports, Gym",
,69.00,,,
Sprite Foam Roller,19.00,"It hurts so good to use the Sprite Foam Roller on achy, tired muscles for myofascial massage therapy. Or you can add this fundamental piece to your Pilates and yoga accouterment, or apply towards core stability, strengthening and balance exercise. ","Yoga, Gym",
Sparta Gym Tank,29.00,"The high performance Sparta Gym Tank is made with thin, light, merino wool and aims to be the perfect base layer or balmy weather running and fitness top.","XS, S, M, L, XL",Green
Single,3.00,"Lorem ipsum dolor sit amet, consectetur adipiscing elit. Vestibulum sagittis orci ac odio dictum tincidunt. Donec ut metus leo. Class aptent taciti sociosqu ad litora torquent per conubia nostra, per inceptos himenaeos. Sed luctus, dui eu sagittis sodales, nulla nibh sagittis augue, vel porttitor diam enim non metus. Vestibulum aliquam augue neque. Phasellus tincidunt odio eget ullamcorper efficitur. Cras placerat ut turpis pellentesque vulputate. Nam sed consequat tortor. Curabitur finibus sapien dolor. Ut eleifend tellus nec erat pulvinar dignissim. Nam non arcu purus. Vivamus et massa massa.",,
Sol Active Short,32.00,"You’ll let your fear go and push your limits in your new Sol Active Short. Featuring ultra-breathable performance fabric and a flat comfort-fit waistband, the Sol Active Short is perfect for high-intensity circuits or high-heat bikram.","32, 33, 34, 36","Blue, Green, Purple"
,69.00,,,
Sinbad Fitness Tank,29.00,"Solid in color and construction, the 100% cotton-weave Sinbad Fitness Tank moves with you as you press, hold, crunch and stride your way to the ultimate you.","XS, S, M, L, XL",Blue
Ship Your Idea,15.00,"Pellentesque habitant morbi tristique senectus et netus et malesuada fames ac turpis egestas. Vestibulum tortor quam, feugiat vitae, ultricies eget, tempor sit amet, ante. Donec eu libero sit amet quam egestas semper. Aenean ultricies mi vitae est. Mauris placerat eleifend leo.",,
,69.00,,,
Ship Your Idea,30.00,"Pellentesque habitant morbi tristique senectus et netus et malesuada fames ac turpis egestas. Vestibulum tortor quam, feugiat vitae, ultricies eget, tempor sit amet, ante. Donec eu libero sit amet quam egestas semper. Aenean ultricies mi vitae est. Mauris placerat eleifend leo.","L, XL",
Ship Your Idea,20.00,"Pellentesque habitant morbi tristique senectus et netus et malesuada fames ac turpis egestas. Vestibulum tortor quam, feugiat vitae, ultricies eget, tempor sit amet, ante. Donec eu libero sit amet quam egestas semper. Aenean ultricies mi vitae est. Mauris placerat eleifend leo.",,
Sprite Stasis Ball 55 cm,23.00,"The Sprite Stasis Ball gives you the toned abs, sides, and back you want by amping up your core workout. With bright colors and a burst-resistant design, it’s a must-have for every hard-core exercise addict. Use for abdominal conditioning, balance training, yoga, or even physical therapy.","Yoga, Gym",Red
Selene Yoga Hoodie,42.00,"The Selene Yoga Hoodie gets you to and from the studio in semi form-fitted comfort. Snug, sleek contours add fashion to function in this free-moving yoga warm up sweatshirt.","XS, S, M, L, XL","Orange, Purple, White"
,69.00,,,
Summit Watch,54.00,"Trek high and low in the attractive Summit Watch, which features a digital LED display with time and date, stopwatch, lap counter, and 3-second backlight. It can also calculate the number of steps taken and calories burned.","Recreation, Athletic, Sports, Outdoor, Gym",
Strive Shoulder Pack,32.00,"Convenience is next to nothing when your day is crammed with action. So whether you’re heading to class, gym, or the unbeaten path, make sure you’ve got your Strive Shoulder Pack stuffed with all your essentials, and extras as well.","Gym, Trail, Urban, Hiking",
,69.00,,,
Stellar Solar Jacket,75.00,"Beat the heat and protect yourself from sunrays with the Stellar Solar Jacket. It’s loaded with all the engineered features you need for an intense, safe outdoor workout: 100% UV protection, a breathable perforated construction, and advanced moisture-wicking technology.","XS, S, M, L, XL","Blue, Red, Yellow"
Strike Endurance Tee,39.00,"While grit and purpose keep you going, it helps to have a little extra comfort, too. Our Strike Long-Sleeve Endurance Tee helps ensures a photo-ready finish with advanced sweat-wicking technology for a cool, dry feel.","XS, S, M, L, XL","Black, Blue, Red"
,69.00,,,
Stark Fundamental Hoodie,42.00,"You don’t need bells and whistles when performance speaks for itself. The full-zip Stark Fundamental Hoodie give just what you need. Hood and fleece lining keep you warm, while breathable fabric and wicking technology won’t let you overheat.","XS, S, M, L, XL","Black, Blue, Purple"
Sprite Yoga Strap 8 foot,17.00,"The Sprite Yoga Strap is your untiring partner in demanding stretches, holds and alignment routines. The strap’s 100% organic cotton fabric is woven tightly to form a soft, textured yet non-slip surface. The plastic clasp buckle is easily adjustable, lightweight and durable under strain.",Yoga,
,69.00,,,
Sprite Yoga Strap 6 foot,14.00,"The Sprite Yoga Strap is your untiring partner in demanding stretches, holds and alignment routines. The strap’s 100% organic cotton fabric is woven tightly to form a soft, textured yet non-slip surface. The plastic clasp buckle is easily adjustable, lightweight and durable under strain.",Yoga,
,69.00,,,
Sprite Yoga Strap 10 foot,21.00,"The Sprite Yoga Strap is your untiring partner in demanding stretches, holds and alignment routines. The strap’s 100% organic cotton fabric is woven tightly to form a soft, textured yet non-slip surface. The plastic clasp buckle is easily adjustable, lightweight and durable under strain.",Yoga,
,69.00,,,
Sprite Stasis Ball 75 cm,32.00,"The Sprite Stasis Ball gives you the toned abs, sides, and back you want by amping up your core workout. With bright colors and a burst-resistant design, it’s a must-have for every hard-core exercise addict. Use for abdominal conditioning, balance training, yoga, or even physical therapy.","Yoga, Gym",Blue
Troy Yoga Short,24.00,"The versatile, all-purpose Troy Yoga Short is knee-lengthed with an elastic waistband with drawstring, making it comfortably flexible. The removable LumaTech™ wicking liner is also bacteria resistant.","32, 33, 34, 36","Black, Blue, Green"
Typhon Performance Fleece-lined Jacket,60.00,"Ironmen and couch warriors both reach for the Typhon Performance Fleece-lined Jacket. After all, no man can resist ultra-soft microfleece lining. Flatlock seams make it ideal for wearing over everything from tanks and tees to high-tech base layers.","XS, S, M, L, XL","Black, Green, Red"
Tristan Endurance Tank,29.00,"Push yourself through punishing runs, plyometric workouts, intense competition and more in our athletic Tristan Endurance Tank. Constructed with built-in moisture-wicking technology, it’s designed to keep you completely cool and dry on the long haul.","XS, S, M, L, XL","Gray, Red, White"
Torque Power Short,32.50,"Take a turn in the Torque Power Short and enjoy the smooth, motion-friendly stretch and sweat-wicking, UV-protective material. You’ll stay cool, dry and energized miles later.","32, 33, 34, 36","Gray, Purple, Yellow"
Tiffany Fitness Tee,28.00,"You’ll work out and look cute doing it in the short-sleeve Tiffany Fitness Tee. The longer length and fitted cut offer a smoother silhouette, while scoop neck pattern and drape effects lend a trendy touch.","XS, S, M, L, XL","Blue, Red, White"
Tiberius Gym Tank,18.00,"Whether you’re classy or just sweaty, the Tiberius Gym Tank helps you look good while you’re at it. What’s more, its moisture-wicking, quick-drying, anti-microbial and anti-odor construction help ensure you’re welcome back to the gym.","XS, S, M, L, XL",Yellow
Thorpe Track Pant,68.00,"Thirty degree temps are chilly for most, except when you’re in Thorpe Track Pants. These top-of-the-line track bottoms are made from fast-drying, weather-resistant fabric with an internal breathable layer of mesh nylon to wick away moisture.","32, 33, 34, 36","Black, Blue, Purple"
Teton Pullover Hoodie,70.00,"This Teton Pullover Hoodie gives you more than laid-back style. It’s equipped with moisture-wicking fabric to keep light and dry inside, especially in chilly-weather workouts. An elasticized hem lets you move about freely.","XS, S, M, L, XL","Black, Purple, Red"
test product,25.00,some description,,
Taurus Elements Shell,65.00,"What’s a little rain or snow when you’re inside the Taurus Elements Shell? This specially engineered Cocona® jacket lets you enjoy the great outdoors and brave the elements, thanks to the all-waterproof, breathable exterior.","XS, S, M, L, XL","Blue, White, Yellow"
T-Shirt with Logo,18.00,"Pellentesque habitant morbi tristique senectus et netus et malesuada fames ac turpis egestas. Vestibulum tortor quam, feugiat vitae, ultricies eget, tempor sit amet, ante. Donec eu libero sit amet quam egestas semper. Aenean ultricies mi vitae est. Mauris placerat eleifend leo.",Gray,Gray
,69.00,,,
T-Shirt,18.00,"Pellentesque habitant morbi tristique senectus et netus et malesuada fames ac turpis egestas. Vestibulum tortor quam, feugiat vitae, ultricies eget, tempor sit amet, ante. Donec eu libero sit amet quam egestas semper. Aenean ultricies mi vitae est. Mauris placerat eleifend leo.",Gray,Gray
,69.00,,,
Sybil Running Short,44.00,"Fortunately, it’s okay to look cute while you’re working out. The Sybil Running Short combines a fun, color-blocked design with breathable mesh fabric for sporty-fun style.","28, 29, 30, 31, 32",Purple
Sylvia Capri,42.00,"Enjoy a sleek, slendering look in new Silvia Capri. Its engineer-designed support fabric feels great and gives the illusion of a slimmer fit.","28, 29","Blue, Green, Red"
Woo Single #1,3.00,"Pellentesque habitant morbi tristique senectus et netus et malesuada fames ac turpis egestas. Vestibulum tortor quam, feugiat vitae, ultricies eget, tempor sit amet, ante. Donec eu libero sit amet quam egestas semper. Aenean ultricies mi vitae est. Mauris placerat eleifend leo.",,
,69.00,,,
,69.00,,,
Woo Ninja,15.00,"Pellentesque habitant morbi tristique senectus et netus et malesuada fames ac turpis egestas. Vestibulum tortor quam, feugiat vitae, ultricies eget, tempor sit amet, ante. Donec eu libero sit amet quam egestas semper. Aenean ultricies mi vitae est. Mauris placerat eleifend leo.",,
,69.00,,,
Woo Ninja,35.00,"Pellentesque habitant morbi tristique senectus et netus et malesuada fames ac turpis egestas. Vestibulum tortor quam, feugiat vitae, ultricies eget, tempor sit amet, ante. Donec eu libero sit amet quam egestas semper. Aenean ultricies mi vitae est. Mauris placerat eleifend leo.",,
,69.00,,,
Woo Ninja,20.00,"Pellentesque habitant morbi tristique senectus et netus et malesuada fames ac turpis egestas. Vestibulum tortor quam, feugiat vitae, ultricies eget, tempor sit amet, ante. Donec eu libero sit amet quam egestas semper. Aenean ultricies mi vitae est. Mauris placerat eleifend leo.",,
Woo Logo,15.00,"Pellentesque habitant morbi tristique senectus et netus et malesuada fames ac turpis egestas. Vestibulum tortor quam, feugiat vitae, ultricies eget, tempor sit amet, ante. Donec eu libero sit amet quam egestas semper. Aenean ultricies mi vitae est. Mauris placerat eleifend leo.",,
,69.00,,,
Woo Logo,35.00,"Pellentesque habitant morbi tristique senectus et netus et malesuada fames ac turpis egestas. Vestibulum tortor quam, feugiat vitae, ultricies eget, tempor sit amet, ante. Donec eu libero sit amet quam egestas semper. Aenean ultricies mi vitae est. Mauris placerat eleifend leo.",,
,69.00,,,
,69.00,,,
Woo Logo,20.00,"Pellentesque habitant morbi tristique senectus et netus et malesuada fames ac turpis egestas. Vestibulum tortor quam, feugiat vitae, ultricies eget, tempor sit amet, ante. Donec eu libero sit amet quam egestas semper. Aenean ultricies mi vitae est. Mauris placerat eleifend leo.",,
Woo Album #4,9.00,"Pellentesque habitant morbi tristique senectus et netus et malesuada fames ac turpis egestas. Vestibulum tortor quam, feugiat vitae, ultricies eget, tempor sit amet, ante. Donec eu libero sit amet quam egestas semper. Aenean ultricies mi vitae est. Mauris placerat eleifend leo.",,
,69.00,,,
Zing Jump Rope,12.00,"One of the world’s simplest and most portable exercise devices, a jump rope enables endless variations and fitness output. The Zing Jump Rope goes anywhere and can be used any time. It is adjustable in length and has contoured foam handles for a great grip.",Gym,
,69.00,,,
Zoe Tank,29.00,"The Zoe Tank leads with eye-catching fitness-pop looks, keeping your studio style uptrend. The inner shelf bra and soft, breathable fabric create a tank top that looks, feels and fits great.","XS, S, M, L, XL","Green, Orange, Yellow"
Zoltan Gym Tee,29.00,"This short-sleeve wonder works twice as hard to give you good gym days and good looks. The Zoltan Gym Tee helps you stay comfortable, while the looser sleeves and flatlock seams keep you moving in chafe-free comfort.","XS, S, M, L, XL","Blue, Green, Yellow"
WordPress Tee,14.99,WordPress,WordPress,
Zeppelin Yoga Pant,82.00,"Climb every mountain, or hold every pose, in the all-purpose Zepellin Yoga Pant. With its thin fleece interior and smooth layer-friendly surface, you’ll get all the comfort and versatility you need.","32, 33, 34, 36","Blue, Green, Red"
WordPress Pennant,11.05,"Pellentesque habitant morbi tristique senectus et netus et malesuada fames ac turpis egestas. Vestibulum tortor quam, feugiat vitae, ultricies eget, tempor sit amet, ante. Donec eu libero sit amet quam egestas semper. Aenean ultricies mi vitae est. Mauris placerat eleifend leo.",,
WooCommerce “Gimme the Money” Zipper Hoodie,29.99,WooCommerce,WooCommerce,
Woo Singles,2.00,"Pellentesque habitant morbi tristique senectus et netus et malesuada fames ac turpis egestas. Vestibulum tortor quam, feugiat vitae, ultricies eget, tempor sit amet, ante. Donec eu libero sit amet quam egestas semper. Aenean ultricies mi vitae est. Mauris placerat eleifend leo.",,
Woo Single #2,3.00,"Pellentesque habitant morbi tristique senectus et netus et malesuada fames ac turpis egestas. Vestibulum tortor quam, feugiat vitae, ultricies eget, tempor sit amet, ante. Donec eu libero sit amet quam egestas semper. Aenean ultricies mi vitae est. Mauris placerat eleifend leo.",,
,69.00,,,
,69.00,,,
Woo Album #3,9.00,"Pellentesque habitant morbi tristique senectus et netus et malesuada fames ac turpis egestas. Vestibulum tortor quam, feugiat vitae, ultricies eget, tempor sit amet, ante. Donec eu libero sit amet quam egestas semper. Aenean ultricies mi vitae est. Mauris placerat eleifend leo.",,
Woo Album #2,9.00,"Pellentesque habitant morbi tristique senectus et netus et malesuada fames ac turpis egestas. Vestibulum tortor quam, feugiat vitae, ultricies eget, tempor sit amet, ante. Donec eu libero sit amet quam egestas semper. Aenean ultricies mi vitae est. Mauris placerat eleifend leo.",,
,69.00,,,
,69.00,,,
Woo Album #1,9.00,"Pellentesque habitant morbi tristique senectus et netus et malesuada fames ac turpis egestas. Vestibulum tortor quam, feugiat vitae, ultricies eget, tempor sit amet, ante. Donec eu libero sit amet quam egestas semper. Aenean ultricies mi vitae est. Mauris placerat eleifend leo.",,
Wayfarer Messenger Bag,45.00,"Perfect for class, work or the gym, the Wayfarer Messenger Bag is packed with pockets. The dual-buckle flap closure reveals an organizational panel, and the roomy main compartment has spaces for your laptop and a change of clothes. An adjustable shoulder strap and easy-grip handle promise easy carrying.","Gym, Overnight, Travel",
,69.00,,,
Vulcan Weightlifting Tank,28.00,"The Olympic styled Vulcan Weightlifting Tank features polyester stretch and flex. Hit the rack in sleeveless style and unleash your personal best. This tank is designed to max performance, comfort and range of motion.","XS, S, M, L, XL",Black
Voyage Yoga Bag,32.00,"Everything you need for a trip to the gym will fit inside this surprisingly spacious Voyage Yoga Bag. Stock it with a water bottle, change of clothes, pair of shoes, and even a few beauty products. Fits inside a locker and zips shut for security.","Gym, Yoga",
,69.00,,,
Viktor LumaTech™ Pant,46.00,"You’ll love the new Viktor LumaTech™ Pant, with featherweight fleece fabric lining and stretchy, sweat-wicking material. It delivers toasty warmth on the sidelines or in cold-weather training, with reflective trim for a safe finish.","32, 33, 34, 36","Blue, Gray, Red"
V-Neck T-Shirt,15.00,"Pellentesque habitant morbi tristique senectus et netus et malesuada fames ac turpis egestas. Vestibulum tortor quam, feugiat vitae, ultricies eget, tempor sit amet, ante. Donec eu libero sit amet quam egestas semper. Aenean ultricies mi vitae est. Mauris placerat eleifend leo.","Blue, Green, Red","Blue, Green, Red"
,69.00,,,
Supernova Sport Pant,45.00,Turn the corner and open it up — your driveway is two blocks away. The Supernova Sport Pant gets you there with key features like moisture-wicking LumaTech™ fabric and mesh ventilation. Side seam pockets ensure total convenience during rest periods.,"32, 33, 34, 36","Black, Gray, Green"
Sprite Stasis Ball 75 cm,32.00,"The Sprite Stasis Ball gives you the toned abs, sides, and back you want by amping up your core workout. With bright colors and a burst-resistant design, it’s a must-have for every hard-core exercise addict. Use for abdominal conditioning, balance training, yoga, or even physical therapy.","Yoga, Gym",Red
Sunglasses,90.00,"Pellentesque habitant morbi tristique senectus et netus et malesuada fames ac turpis egestas. Vestibulum tortor quam, feugiat vitae, ultricies eget, tempor sit amet, ante. Donec eu libero sit amet quam egestas semper. Aenean ultricies mi vitae est. Mauris placerat eleifend leo.",,
,69.00,,,
,69.00,,,
Sprite Stasis Ball 75 cm,32.00,"The Sprite Stasis Ball gives you the toned abs, sides, and back you want by amping up your core workout. With bright colors and a burst-resistant design, it’s a must-have for every hard-core exercise addict. Use for abdominal conditioning, balance training, yoga, or even physical therapy.","Yoga, Gym",Gray
,69.00,,,
Sprite Stasis Ball 65 cm,27.00,"The Sprite Stasis Ball gives you the toned abs, sides, and back you want by amping up your core workout. With bright colors and a burst-resistant design, it’s a must-have for every hard-core exercise addict. Use for abdominal conditioning, balance training, yoga, or even physical therapy.","Yoga, Gym",Red
,69.00,,,
Sprite Stasis Ball 65 cm,27.00,"The Sprite Stasis Ball gives you the toned abs, sides, and back you want by amping up your core workout. With bright colors and a burst-resistant design, it’s a must-have for every hard-core exercise addict. Use for abdominal conditioning, balance training, yoga, or even physical therapy.","Yoga, Gym",Blue
Sprite Stasis Ball 55 cm,23.00,"The Sprite Stasis Ball gives you the toned abs, sides, and back you want by amping up your core workout. With bright colors and a burst-resistant design, it’s a must-have for every hard-core exercise addict. Use for abdominal conditioning, balance training, yoga, or even physical therapy.","Yoga, Gym",Blue
Sprite Stasis Ball 65 cm,27.00,"The Sprite Stasis Ball gives you the toned abs, sides, and back you want by amping up your core workout. With bright colors and a burst-resistant design, it’s a must-have for every hard-core exercise addict. Use for abdominal conditioning, balance training, yoga, or even physical therapy.","Yoga, Gym",Gray
,69.00,,,
,69.00,,,
,69.00,,,
,69.00,,,
Savvy Shoulder Tote,32.00,"Powerwalking to the gym or strolling to the local coffeehouse, the Savvy Shoulder Tote lets you stash your essentials in sporty style! A top-loading compartment provides quick and easy access to larger items, while zippered pockets on the front and side hold cash, credit cards and phone.","Gym, Yoga",
Premium Quality,15.00,"Pellentesque habitant morbi tristique senectus et netus et malesuada fames ac turpis egestas. Vestibulum tortor quam, feugiat vitae, ultricies eget, tempor sit amet, ante. Donec eu libero sit amet quam egestas semper. Aenean ultricies mi vitae est. Mauris placerat eleifend leo.",,
Rocco Gym Tank,24.00,"Weights? Heavy Bag? Bikram? However you get sweaty, you’ll be prepared with the moisture-wicking all-purpose Rocco Gym Tank. The free-moving cut gives you maximum range of motion, with flatlock seams to eliminate chafing.","XS, S, M, L, XL",Blue
Sahara Leggings,75.00,"Contrast colors, full-length leggings, and opaque, high-stretch fabric define the Sahara. Flat-locked seams and quick-drying wicking properties prevent chafing. A deep elasticated waistband and carefully positioned seamlines create a flattering silhouette.","28, 29","Blue, Gray, Red"
Ryker LumaTech™ Tee (V-neck),28.00,"Don’t be fooled by its classic style; the Ryker LumaTech™ Tee embodies the future of performance apparel. Its featherweight blend of fabrics wicks away moisture to keep you cool and dry, whether racking up miles, hitting three pointers or strutting the boardwalk.","XS, S, M, L, XL","Black, Blue, Gray"
Ryker LumaTech™ Tee (Crew-neck),32.00,The crew-neck Ryker LumaTech™ Tee hides premium performance technology beneath unassuming looks. The featherweight blend of fabrics wicks away moisture to keep you cool and dry in every phase of your active life.,"XS, S, M, L, XL","Black, Blue, Red"
,69.00,,,
Premium Quality,20.00,"Pellentesque habitant morbi tristique senectus et netus et malesuada fames ac turpis egestas. Vestibulum tortor quam, feugiat vitae, ultricies eget, tempor sit amet, ante. Donec eu libero sit amet quam egestas semper. Aenean ultricies mi vitae est. Mauris placerat eleifend leo.",,
Polo,20.00,"Pellentesque habitant morbi tristique senectus et netus et malesuada fames ac turpis egestas. Vestibulum tortor quam, feugiat vitae, ultricies eget, tempor sit amet, ante. Donec eu libero sit amet quam egestas semper. Aenean ultricies mi vitae est. Mauris placerat eleifend leo.",Blue,Blue
Portia Capri,49.00,"From yoga at dawn to evenings curled up with a book, our Portia Capri gives you the comfort and freedom to cruise through the day. The high-waisted design keeps you covered while you’re bending and stretching, while contrast stripes promise a dash of sporty style.","28, 29","Blue, Green, Orange"
,69.00,,,
Neve Studio Dance Jacket,69.00,"If you’re constantly on the move, the Neve Studio Dance Jacket is for you. It’s not just for dance, either, with a tight fit that works as a mid-layer. The reversible design makes it even more versatile.","XS, S, M, L, XL","Black, Blue, Orange"
Pierce Gym Short,27.00,"The Pierce Gym Short is similar to our Arcadio Gym Short, but designed with a fitted, tapered look. A flat waistband with an adjustable drawstring adds comfort, with zippered pockets for safe, easy storage.","32, 33, 34, 36","Black, Gray, Red"
Montana Wind Jacket,49.00,"Light-as-a-feather wind protection for runners, walkers and outdoor fitness buffs, the Montana Wind Jacket can be stuffed into your pocket for portable protection. Its stylish, move-with-you design makes it especially versatile.","XS, S, M, L, XL","Black, Green, Red"
Mona Pullover Hoodlie,57.00,"Whether you’re after energizing activity or eye-catching apparel, the Mona Pullover is what you want. You’ll stay warm and look fashionable, wherever you are.","XS, S, M, L, XL","Green, Orange, Purple"
,69.00,,,
Joust Duffle Bag,34.00,"The sporty Joust Duffle Bag can’t be beat – not in the gym, not on the luggage carousel, not anywhere. Big enough to haul a basketball or soccer ball and some sneakers with plenty of room to spare, it’s ideal for athletes with places to go.","Gym, Travel, Trail, Overnight",
Josie Yoga Jacket,56.25,"When your near future includes yoga, the cozy comfort of the Josie Yoga Jacket gets your mind and body ready. Stretchy CoolTech™ fabric with zipper pockets makes this jacket the right gear for studio time or teatime after.","XS, S, M, L, XL","Black, Blue, Gray"
Hera Pullover Hoodie,48.00,"Get ready to rule the studio and dominate the yoga mat in the Hera Pullover Hoodie, a cozy yet classy look for any level of yogi.","XS, S, M, L, XL","Blue, Green, Orange"
Helios Endurance Tank,32.00,"When training pushes your limits, you need gear that works harder than you. Our mesh Helio Training Tank is crafted from super-soft, ultra-lightweight fabric that stretches in all directions to follow your every move, on mat, court or street.","XS, S, M, L, XL",Blue
,69.00,,,
Flying Ninja,15.00,"Pellentesque habitant morbi tristique senectus et netus et malesuada fames ac turpis egestas. Vestibulum tortor quam, feugiat vitae, ultricies eget, tempor sit amet, ante. Donec eu libero sit amet quam egestas semper. Aenean ultricies mi vitae est. Mauris placerat eleifend leo.",,
Helios EverCool™ Tee,24.00,"Pumping iron or dialing the track, you’ve got cool comfort on your side in our short-sleeve Helios EverCool™ Tee. The fabric is infused with moisture-wicking technology that pulls sweat off your skin for speedy evaporation. Stretchy fabric gussets encourage ventilation while increasing your range of motion.","XS, S, M, L, XL","Black, Blue, Purple"
